{
  "schema_version": 1,
  "board_h": 40,
  "board_w": 10,
  "feature_len": 70,
  "arch": {
    "conv_channels": [
      1,
      16,
      32,
      32
    ],
    "kernel": 3,
    "padding": 1,
    "flat": 12800,
    "board_emb": 128,
    "feat_emb": 64,
    "head_hidden": 128
  },
  "target_names": [
    "value"
  ],
  "feature_mean": [
    0.14256039261817932,
    0.1427891105413437,
    0.14284160733222961,
    0.14278161525726318,
    0.14272162318229675,
    0.14344905316829681,
    0.14285661280155182,
    0.10203079134225845,
    0.10353438556194305,
    0.09560395032167435,
    0.08669111132621765,
    0.0715426653623581,
    0.4351016581058502,
    0.07227384299039841,
    0.033221594989299774,
    0.14258287847042084,
    0.1425153911113739,
    0.14305908977985382,
    0.14301784336566925,
    0.14322781562805176,
    0.14267662167549133,
    0.1429203450679779,
    0.1428978592157364,
    0.14285285770893097,
    0.14284160733222961,
    0.14308908581733704,
    0.14290909469127655,
    0.14230166375637054,
    0.1431078314781189,
    0.14281536638736725,
    0.14276286959648132,
    0.14284910261631012,
    0.1428341120481491,
    0.14294284582138062,
    0.14280785620212555,
    0.14298784732818604,
    0.1426316350698471,
    0.14262787997722626,
    0.1428191065788269,
    0.14314158260822296,
    0.14276660978794098,
    0.14308159053325653,
    0.14293159544467926,
    0.1428191065788269,
    0.14276660978794098,
    0.14290159940719604,
    0.1429128497838974,
    0.14276286959648132,
    0.14296534657478333,
    0.14287160336971283,
    0.5728887915611267,
    0.5748723149299622,
    0.5718801617622375,
    0.5709839463233948,
    0.5725738406181335,
    0.5724050998687744,
    0.5704777836799622,
    0.42337659001350403,
    0.35499486327171326,
    0.15358801186084747,
    0.015587151981890202,
    0.015279684215784073,
    0.015418419614434242,
    0.015962114557623863,
    0.015335927717387676,
    0.014668496325612068,
    0.015549656003713608,
    0.015223439782857895,
    0.015369674190878868,
    0.015193442814052105
  ],
  "feature_std": [
    0.3496246337890625,
    0.3498583137989044,
    0.3499118983745575,
    0.3498506546020508,
    0.3497893810272217,
    0.35053086280822754,
    0.34992721676826477,
    0.3026893734931946,
    0.30465614795684814,
    0.29404789209365845,
    0.28138241171836853,
    0.2577296197414398,
    0.49577122926712036,
    0.25894126296043396,
    0.17921507358551025,
    0.3496476411819458,
    0.3495786190032959,
    0.3501337468624115,
    0.35009169578552246,
    0.3503056764602661,
    0.34974342584609985,
    0.3499922752380371,
    0.3499692976474762,
    0.34992340207099915,
    0.3499118983745575,
    0.3501643240451813,
    0.34998077154159546,
    0.349359929561615,
    0.3501834273338318,
    0.34988510608673096,
    0.3498315215110779,
    0.34991955757141113,
    0.34990423917770386,
    0.35001522302627563,
    0.3498774468898773,
    0.3500611186027527,
    0.34969744086265564,
    0.34969362616539,
    0.34988895058631897,
    0.3502178192138672,
    0.3498353362083435,
    0.35015669465065,
    0.35000374913215637,
    0.34988895058631897,
    0.3498353362083435,
    0.3499731421470642,
    0.34998461604118347,
    0.3498315215110779,
    0.35003817081451416,
    0.34994253516197205,
    0.4946596324443817,
    0.49436327815055847,
    0.4948072135448456,
    0.4949365556240082,
    0.4947059452533722,
    0.4947306513786316,
    0.4950088858604431,
    0.9722824096679688,
    0.4785126745700836,
    0.360554039478302,
    0.12387191504240036,
    0.12266324460506439,
    0.12321018427610397,
    0.12532910704612732,
    0.12288528680801392,
    0.12022223323583603,
    0.12372518330812454,
    0.12244077026844025,
    0.1230183094739914,
    0.12232194095849991
  ],
  "value_mean": [
    -9347.32421875
  ],
  "value_std": [
    3493.966064453125
  ],
  "val_r2": 0.9527968764305115,
  "val_r2_per_target": {
    "value": 0.9527968764305115
  },
  "best_epoch": 28,
  "n_train": 266694,
  "n_val": 47415
}